sentence_id,word,tag  
1,My,O  
1,face,B-BODY_PART  
1,gets,O  
1,too,O  
1,oily,B-SKIN_TYPE  
1,during,O  
1,summer,B-SEASON  
2,I,O  
2,have,O  
2,dry,B-SKIN_TYPE  
2,patches,B-SYMPTOM  
2,on,O  
2,my,O  
2,cheeks,B-BODY_PART  
3,There,O  
3,is,O  
3,a,O  
3,lot,O  
3,of,O  
3,redness,B-SYMPTOM  
3,around,O  
3,my,O  
3,nose,B-BODY_PART  
4,My,O  
4,forehead,B-BODY_PART  
4,has,O  
4,tiny,B-SYMPTOM  
4,bumps,I-SYMPTOM  
4,recently,O  
5,The,O  
5,skin,B-BODY_PART  
5,on,O  
5,my,O  
5,arms,B-BODY_PART  
5,feels,O  
5,itchy,B-SYMPTOM  
6,I,O  
6,get,O  
6,bad,B-SEVERITY  
6,breakouts,B-SYMPTOM  
6,when,O  
6,I,O  
6,eat,O  
6,spicy,B-TRIGGER  
6,food,I-TRIGGER  
7,My,O  
7,skin,B-BODY_PART  
7,is,O  
7,sensitive,B-SKIN_TYPE  
7,to,O  
7,new,B-SENSITIVITY  
7,products,I-SENSITIVITY  
8,The,O  
8,pimples,B-SYMPTOM  
8,on,O  
8,my,O  
8,chin,B-BODY_PART  
8,won't,O  
8,go,O  
8,away,O  
9,I,O  
9,noticed,O  
9,dryness,B-SYMPTOM  
9,after,O  
9,using,O  
9,a,O  
9,new,B-SENSITIVITY  
9,cleanser,I-SENSITIVITY  
10,My,O  
10,skin,B-BODY_PART  
10,turns,O  
10,red,B-SYMPTOM  
10,after,O  
10,sun,B-TRIGGER  
10,exposure,I-TRIGGER  
11,I,O  
11,have,O  
11,flaky,B-SYMPTOM  
11,skin,B-BODY_PART  
11,around,O  
11,my,O  
11,eyes,B-BODY_PART  
12,The,O  
12,acne,B-SYMPTOM  
12,on,O  
12,my,O  
12,back,B-BODY_PART  
12,feels,O  
12,painful,B-SEVERITY  
13,My,O  
13,neck,B-BODY_PART  
13,gets,O  
13,itchy,B-SYMPTOM  
13,during,O  
13,winter,B-SEASON  
14,I,O  
14,experienced,O  
14,breakouts,B-SYMPTOM  
14,for,O  
14,two,B-DURATION  
14,weeks,I-DURATION  
14,straight,O  
15,The,O  
15,skin,B-BODY_PART  
15,on,O  
15,my,O  
15,forearms,B-BODY_PART  
15,feels,O  
15,tight,B-SYMPTOM  
15,after,O  
15,showering,O  
16,I,O  
16,often,O  
16,get,O  
16,greasy,B-SKIN_TYPE  
16,skin,B-BODY_PART  
16,in,O  
16,humid,B-TRIGGER  
16,weather,I-TRIGGER  
17,My,O  
17,face,B-BODY_PART  
17,is,O  
17,breaking,B-SYMPTOM  
17,out,I-SYMPTOM  
17,again,O  
18,There,O  
18,are,O  
18,dark,B-SYMPTOM  
18,spots,I-SYMPTOM  
18,on,O  
18,my,O  
18,cheeks,B-BODY_PART  
19,I,O  
19,get,O  
19,rashes,B-SYMPTOM  
19,when,O  
19,I,O  
19,use,O  
19,fragrance,B-SENSITIVITY  
19,lotions,I-SENSITIVITY  
20,My,O  
20,hands,B-BODY_PART  
20,feel,O  
20,extra,O  
20,dry,B-SKIN_TYPE  
20,during,O  
20,winter,B-SEASON  
21,The,O  
21,acne,B-SYMPTOM  
21,marks,I-SYMPTOM  
21,on,O  
21,my,O  
21,temples,B-BODY_PART  
21,are,O  
21,fading,O  
21,slowly,O  
22,I,O  
22,suffer,O  
22,from,O  
22,severe,B-SEVERITY  
22,eczema,B-SYMPTOM  
22,on,O  
22,my,O  
22,legs,B-BODY_PART  
23,My,O  
23,forehead,B-BODY_PART  
23,gets,O  
23,oily,B-SKIN_TYPE  
23,throughout,O  
23,the,O  
23,day,O  
24,The,O  
24,acne,B-SYMPTOM  
24,got,O  
24,worse,O  
24,after,O  
24,stress,B-TRIGGER  
25,I,O  
25,keep,O  
25,scratching,B-SYMPTOM  
25,my,O  
25,arms,B-BODY_PART  
25,because,O  
25,of,O  
25,itching,I-SYMPTOM  
26,The,O 
26,redness,B-SYMPTOM  
26,around,O  
26,my,O  
26,eyes,B-BODY_PART  
26,is,O  
26,persistent,O  
27,My,O  
27,skin,B-BODY_PART  
27,is,O  
27,very,B-SEVERITY  
27,sensitive,B-SKIN_TYPE  
27,to,O  
27,sunscreen,B-SENSITIVITY  
28,I,O  
28,developed,O  
28,whiteheads,B-SYMPTOM  
28,on,O  
28,my,O  
28,nose,B-BODY_PART  
28,last,O  
28,week,B-DURATION  
29,The,O  
29,itchiness,B-SYMPTOM  
29,starts,O  
29,after,O  
29,I,O  
29,wash,O  
29,my,O  
29,face,B-BODY_PART  
30,I,O  
30,get,O  
30,breakouts,B-SYMPTOM  
30,when,O  
30,the,O  
30,humidity,B-TRIGGER  
30,is,O  
30,high,I-TRIGGER  
31,My,O  
31,chest,B-BODY_PART  
31,has,O  
31,painful,B-SEVERITY  
31,pimples,B-SYMPTOM  
32,I,O  
32,have,O  
32,uneven,B-SYMPTOM  
32,texture,I-SYMPTOM  
32,on,O  
32,my,O  
32,forehead,B-BODY_PART  
33,There,O  
33,are,O  
33,tiny,B-SYMPTOM  
33,white,B-SYMPTOM  
33,bumps,I-SYMPTOM  
33,below,O  
33,my,O  
33,eyes,B-BODY_PART  
34,My,O  
34,lips,B-BODY_PART  
34,are,O  
34,chapped,B-SYMPTOM  
34,this,O  
34,winter,B-SEASON  
35,I,O  
35,get,O  
35,acne,B-SYMPTOM  
35,when,O  
35,I,O  
35,sleep,O  
35,late,B-TRIGGER  
36,The,O  
36,red,B-SYMPTOM  
36,patches,I-SYMPTOM  
36,on,O  
36,my,O  
36,neck,B-BODY_PART  
36,are,O  
36,spreading,O  
37,My,O  
37,skin,B-BODY_PART  
37,feels,O  
37,irritated,B-SYMPTOM  
37,after,O  
37,using,O  
37,perfumed,B-SENSITIVITY  
37,cream,I-SENSITIVITY  
38,I,O  
38,have,O  
38,combination,B-SKIN_TYPE  
38,skin,B-BODY_PART  
38,and,O  
38,large,B-SYMPTOM  
38,pores,I-SYMPTOM  
39,The,O  
39,bumps,B-SYMPTOM  
39,appeared,O  
39,on,O  
39,my,O  
39,back,B-BODY_PART  
39,after,O  
39,workouts,B-TRIGGER  
40,I,O  
40,see,O  
40,scarring,B-SYMPTOM  
40,from,O  
40,old,O  
40,acne,I-SYMPTOM  
41,My,O  
41,cheeks,B-BODY_PART  
41,get,O  
41,red,B-SYMPTOM  
41,every,O  
41,winter,B-SEASON  
42,The,O  
42,itching,B-SYMPTOM  
42,lasted,O  
42,for,O  
42,a,O  
42,few,B-DURATION  
42,days,I-DURATION  
43,I,O  
43,noticed,O  
43,flaky,B-SYMPTOM  
43,skin,B-BODY_PART  
43,due,O  
43,to,O  
43,dry,B-SEASON  
43,air,I-SEASON  
44,My,O  
44,face,B-BODY_PART  
44,stings,O  
44,when,O  
44,I,O  
44,apply,O  
44,fragrance,B-SENSITIVITY  
44,toner,I-SENSITIVITY  
45,I,O  
45,keep,O  
45,getting,O  
45,zits,B-SYMPTOM  
45,on,O  
45,my,O  
45,chin,B-BODY_PART  
46,The,O  
46,dry,B-SKIN_TYPE  
46,air,B-TRIGGER  
46,makes,O  
46,my,O  
46,skin,B-BODY_PART  
46,crack,B-SYMPTOM  
47,I,O  
47,have,O  
47,rough,B-SYMPTOM  
47,texture,I-SYMPTOM  
47,on,O  
47,my,O  
47,forearms,B-BODY_PART  
48,My,O  
48,skin,B-BODY_PART  
48,feels,O  
48,burning,B-SYMPTOM  
48,after,O  
48,sun,B-TRIGGER  
48,exposure,I-TRIGGER  
49,I,O  
49,noticed,O  
49,less,O  
49,oiliness,B-SKIN_TYPE  
49,since,O  
49,autumn,B-SEASON  
49,started,O  
50,The,O  
50,pimples,B-SYMPTOM  
50,on,O  
50,my,O  
50,face,B-BODY_PART  
50,are,O  
50,severe,B-SEVERITY
51,My,O  
51,forehead,B-BODY_PART  
51,gets,O  
51,shiny,B-SYMPTOM  
51,within,O  
51,an,O  
51,hour,B-DURATION  
51,after,O  
51,washing,O  
52,I,O  
52,keep,O  
52,getting,O  
52,red,B-SYMPTOM  
52,spots,I-SYMPTOM  
52,after,O  
52,using,O  
52,sunscreen,B-SENSITIVITY  
53,The,O  
53,skin,B-BODY_PART  
53,on,O  
53,my,O  
53,legs,B-BODY_PART  
53,feels,O  
53,really,B-SEVERITY  
53,dry,B-SKIN_TYPE  
54,I,O  
54,have,O  
54,acne,B-SYMPTOM  
54,that,O  
54,flares,B-SYMPTOM  
54,up,O  
54,every,O  
54,winter,B-SEASON  
55,My,O  
55,cheeks,B-BODY_PART  
55,are,O  
55,constantly,O  
55,red,B-SYMPTOM  
55,from,O  
55,the,O  
55,cold,B-TRIGGER  
56,I,O  
56,get,O  
56,burn,B-SYMPTOM  
56,like,O  
56,pain,O  
56,after,O  
56,applying,O  
56,perfumed,B-SENSITIVITY  
56,lotions,I-SENSITIVITY  
57,The,O  
57,oiliness,B-SYMPTOM  
57,on,O  
57,my,O  
57,face,B-BODY_PART  
57,increases,O  
57,in,O  
57,summer,B-SEASON  
58,I,O  
58,can't,O  
58,stop,O  
58,scratching,B-SYMPTOM  
58,my,O  
58,neck,B-BODY_PART  
59,My,O  
59,skin,B-BODY_PART  
59,gets,O  
59,itchy,B-SYMPTOM  
59,after,O  
59,taking,O  
59,a,O  
59,hot,B-TRIGGER  
59,shower,I-TRIGGER  
60,The,O  
60,breakouts,B-SYMPTOM  
60,on,O  
60,my,O  
60,chin,B-BODY_PART  
60,keep,O  
60,appearing,O  
61,I,O  
61,noticed,O  
61,rough,B-SYMPTOM  
61,texture,I-SYMPTOM  
61,on,O  
61,my,O  
61,arms,B-BODY_PART  
62,My,O  
62,eyelids,B-BODY_PART  
62,are,O  
62,peeling,B-SYMPTOM  
62,and,O  
62,itchy,B-SYMPTOM  
63,I,O  
63,see,O  
63,tiny,B-SYMPTOM  
63,pimples,I-SYMPTOM  
63,after,O  
63,working,O  
63,out,B-TRIGGER  
64,The,O  
64,red,B-SYMPTOM  
64,burns,I-SYMPTOM  
64,on,O  
64,my,O  
64,shoulders,B-BODY_PART  
64,are,O  
64,painful,B-SEVERITY  
65,My,O  
65,skin,B-BODY_PART  
65,is,O  
65,really,B-SEVERITY  
65,sensitive,B-SKIN_TYPE  
65,to,O  
65,fragrances,B-SENSITIVITY  
66,I,O  
66,get,O  
66,breakouts,B-SYMPTOM  
66,every,O  
66,month,B-DURATION  
67,The,O  
67,acne,B-SYMPTOM  
67,comes,O  
67,back,O  
67,whenever,O  
67,I,O  
67,get,O  
67,stressed,B-TRIGGER  
68,There,O  
68,are,O  
68,whiteheads,B-SYMPTOM  
68,forming,O  
68,on,O  
68,my,O  
68,chin,B-BODY_PART  
69,My,O  
69,arms,B-BODY_PART  
69,itch,O  
69,a,O  
69,lot,B-SEVERITY  
69,in,O  
69,winter,B-SEASON  
70,The,O  
70,skin,B-BODY_PART  
70,around,O  
70,my,O  
70,jawline,B-BODY_PART  
70,feels,O  
70,bumpy,B-SYMPTOM  
71,I,O  
71,have,O  
71,large,B-SYMPTOM  
71,pores,I-SYMPTOM  
71,around,O  
71,my,O  
71,nose,B-BODY_PART  
72,My,O  
72,forehead,B-BODY_PART  
72,starts,O  
72,itching,B-SYMPTOM  
72,in,O  
72,humid,B-TRIGGER  
72,weather,I-TRIGGER  
73,I,O  
73,get,O  
73,acne,B-SYMPTOM  
73,after,O  
73,using,O  
73,a,O  
73,new,B-SENSITIVITY  
73,serum,I-SENSITIVITY  
74,The,O  
74,redness,B-SYMPTOM  
74,stays,O  
74,for,O  
74,days,B-DURATION  
74,even,O  
74,after,O  
74,it,O  
74,heals,O  
75,My,O  
75,hands,B-BODY_PART  
75,are,O  
75,rough,B-SYMPTOM  
75,and,O  
75,cracked,B-SYMPTOM  
76,I,O  
76,often,O  
76,get,O  
76,tiny,B-SYMPTOM  
76,white,I-SYMPTOM  
76,spots,I-SYMPTOM  
76,on,O  
76,my,O  
76,chest,B-BODY_PART  
77,The,O  
77,acne,B-SYMPTOM  
77,returns,O  
77,when,O  
77,I,O  
77,stop,O  
77,medication,B-TRIGGER  
78,My,O  
78,skin,B-BODY_PART  
78,gets,O  
78,greasy,B-SKIN_TYPE  
78,in,O  
78,the,O  
78,summer,B-SEASON  
79,I,O  
79,develop,O  
79,rashes,B-SYMPTOM  
79,from,O  
79,sunscreen,B-SENSITIVITY  
80,The,O  
80,itchiness,B-SYMPTOM  
80,lasted,O  
80,a,O  
80,week,B-DURATION  
81,My,O  
81,neck,B-BODY_PART  
81,turns,O  
81,red,B-SYMPTOM  
81,after,O  
81,sun,B-TRIGGER  
81,exposure,I-TRIGGER  
82,I,O  
82,have,O  
82,oily,B-SKIN_TYPE  
82,skin,B-BODY_PART  
82,that,O  
82,breaks,O  
82,out,I-SYMPTOM  
82,easily,O  
83,The,O  
83,itch,B-SYMPTOM  
83,gets,O  
83,worse,O  
83,at,O  
83,night,B-DURATION  
84,My,O  
84,arms,B-BODY_PART  
84,dry,B-SKIN_TYPE  
84,out,O  
84,after,O  
84,swimming,B-TRIGGER  
85,I,O  
85,can,O  
85,see,O  
85,dark,B-SYMPTOM  
85,spots,I-SYMPTOM  
85,forming,O  
85,on,O  
85,my,O  
85,cheeks,B-BODY_PART  
86,The,O  
86,eczema,B-SYMPTOM  
86,flares,O  
86,up,O  
86,in,O  
86,winter,B-SEASON  
87,My,O  
87,face,B-BODY_PART  
87,stings,O  
87,after,O  
87,trying,O  
87,new,B-SENSITIVITY  
87,cream,I-SENSITIVITY  
88,I,O  
88,get,O  
88,pimples,B-SYMPTOM  
88,on,O  
88,my,O  
88,back,B-BODY_PART  
88,after,O  
88,exercise,B-TRIGGER  
89,The,O  
89,itchiness,B-SYMPTOM  
89,spreads,O  
89,around,O  
89,my,O  
89,neck,B-BODY_PART  
90,I,O  
90,have,O  
90,red,B-SYMPTOM  
90,marks,I-SYMPTOM  
90,that,O  
90,take,O  
90,weeks,B-DURATION  
90,to,O  
90,fade,O  
91,My,O  
91,lips,B-BODY_PART  
91,get,O  
91,dry,B-SYMPTOM  
91,in,O  
91,cold,B-SEASON  
91,weather,I-SEASON  
92,The,O  
92,itching,B-SYMPTOM  
92,got,O  
92,worse,O  
92,after,O  
92,using,O  
92,perfumed,B-SENSITIVITY  
92,soap,I-SENSITIVITY  
93,I,O  
93,noticed,O  
93,small,B-SYMPTOM  
93,bumps,I-SYMPTOM  
93,on,O  
93,my,O  
93,shoulders,B-BODY_PART  
94,My,O  
94,skin,B-BODY_PART  
94,is,O  
94,flaky,B-SYMPTOM  
94,in,O  
94,winter,B-SEASON  
95,The,O  
95,acne,B-SYMPTOM  
95,tends,O  
95,to,O  
95,flare,O  
95,up,O  
95,after,O  
95,stress,B-TRIGGER  
96,I,O  
96,get,O  
96,itchy,B-SYMPTOM  
96,when,O  
96,it's,O  
96,humid,B-TRIGGER  
97,My,O  
97,face,B-BODY_PART  
97,is,O  
97,extremely,B-SEVERITY  
97,oily,B-SKIN_TYPE  
98,The,O  
98,rash,B-SYMPTOM  
98,on,O  
98,my,O  
98,arms,B-BODY_PART  
98,lasted,O  
98,for,O  
98,three,B-DURATION  
98,days,I-DURATION  
99,I,O  
99,see,O  
99,white,B-SYMPTOM  
99,bumps,I-SYMPTOM  
99,under,O  
99,my,O  
99,eyes,B-BODY_PART  
100,My,O  
100,neck,B-BODY_PART  
100,feels,O  
100,rough,B-SYMPTOM  
100,and,O  
100,itchy,B-SYMPTOM
101,My,O  
101,skin,B-BODY_PART  
101,get,O  
101,extremely,B-SEVERITY  
101,oily,B-SKIN_TYPE  
101,around,O  
101,my,O  
101,nose,B-BODY_PART  
101,by,O  
101,midday,B-DURATION  
102,I,O  
102,often,O  
102,get,O  
102,red,B-SYMPTOM  
102,patches,I-SYMPTOM  
102,on,O  
102,my,O  
102,forehead,B-BODY_PART  
102,after,O  
102,sun,B-TRIGGER  
102,exposure,I-TRIGGER  
103,The,O  
103,skincare,O  
103,products,O  
103,I,O  
103,use,O  
103,make,O  
103,my,O  
103,skin,B-BODY_PART  
103,itchy,B-SYMPTOM  
103,and,O  
103,peel,B-SYMPTOM  
104,My,O  
104,cheeks,B-BODY_PART  
104,feel,O  
104,tight,B-SYMPTOM  
104,and,O  
104,flaky,B-SYMPTOM  
104,during,O  
104,winter,B-SEASON  
105,I,O  
105,noticed,O  
105,tiny,B-SYMPTOM  
105,whiteheads,I-SYMPTOM  
105,forming,O  
105,around,O  
105,my,O  
105,jawline,B-BODY_PART  
106,My,O  
106,skin,B-BODY_PART  
106,becomes,O  
106,incredibly,B-SEVERITY  
106,dry,B-SKIN_TYPE  
106,whenever,O  
106,the,O  
106,heater,B-TRIGGER  
106,is,O  
106,on,I-TRIGGER  
107,I,O  
107,feel,O  
107,itchiness,B-SYMPTOM  
107,around,O  
107,my,O  
107,neck,B-BODY_PART  
107,after,O  
107,using,O  
107,a,O  
107,fragrance,B-SENSITIVITY  
107,spray,I-SENSITIVITY  
108,My,O  
108,forehead,B-BODY_PART  
108,breaks,O  
108,out,B-SYMPTOM  
108,whenever,O  
108,I,O  
108,get,O  
108,stressed,B-TRIGGER  
109,The,O  
109,back,B-BODY_PART  
109,of,O  
109,my,O  
109,arms,B-BODY_PART  
109,has,O  
109,rough,B-SYMPTOM  
109,texture,I-SYMPTOM  
109,and,O  
109,small,B-SYMPTOM  
109,bumps,I-SYMPTOM  
110,I,O  
110,keep,O  
110,dealing,O  
110,with,O  
110,oily,B-SKIN_TYPE  
110,skin,B-BODY_PART  
110,in,O  
110,humid,B-TRIGGER  
110,weather,I-TRIGGER  
111,The,O  
111,acne,B-SYMPTOM  
111,on,O  
111,my,O  
111,chin,B-BODY_PART  
111,tends,O  
111,to,O  
111,get,O  
111,worse,O  
111,during,O  
111,my,O  
111,cycle,B-DURATION  
112,My,O  
112,lips,B-BODY_PART  
112,are,O  
112,dry,B-SYMPTOM  
112,and,O  
112,peeling,B-SYMPTOM  
112,every,O  
112,winter,B-SEASON  
113,I,O  
113,noticed,O  
113,dark,B-SYMPTOM  
113,spots,I-SYMPTOM  
113,left,O  
113,behind,O  
113,from,O  
113,old,O  
113,breakouts,I-SYMPTOM  
114,The,O  
114,redness,B-SYMPTOM  
114,on,O  
114,my,O  
114,neck,B-BODY_PART  
114,appears,O  
114,after,O  
114,sun,B-TRIGGER  
114,exposure,I-TRIGGER  
115,My,O  
115,face,B-BODY_PART  
115,is,O  
115,constantly,O  
115,greasy,B-SKIN_TYPE  
115,especially,O  
115,around,O  
115,the,O  
115,T-zone,B-BODY_PART  
116,I,O  
116,get,O  
116,itchy,B-SYMPTOM  
116,rashes,I-SYMPTOM  
116,on,O  
116,my,O  
116,chest,B-BODY_PART  
116,after,O  
116,using,O  
116,new,B-SENSITIVITY  
116,soap,I-SENSITIVITY  
117,The,O  
117,pimples,B-SYMPTOM  
117,on,O  
117,my,O  
117,forehead,B-BODY_PART  
117,are,O  
117,leaving,O  
117,dark,B-SYMPTOM  
117,marks,I-SYMPTOM  
118,My,O  
118,skin,B-BODY_PART  
118,gets,O  
118,flaky,B-SYMPTOM  
118,when,O  
118,I,O  
118,travel,O  
118,in,O  
118,cold,B-SEASON  
118,weather,I-SEASON  
119,The,O  
119,itchness,B-SYMPTOM  
119,around,O  
119,my,O  
119,ears,B-BODY_PART  
119,gets,O  
119,severe,B-SEVERITY  
119,at,O  
119,night,B-DURATION  
120,I,O  
120,get,O  
120,whiteheads,B-SYMPTOM  
120,after,O  
120,using,O  
120,heavy,B-SENSITIVITY  
120,cream,I-SENSITIVITY  
121,My,O  
121,arms,B-BODY_PART  
121,develop,O  
121,red,B-SYMPTOM  
121,patches,I-SYMPTOM  
121,after,O  
121,sun,B-TRIGGER  
121,exposure,I-TRIGGER  
122,I,O  
122,have,O  
122,combination,B-SKIN_TYPE  
122,skin,B-BODY_PART  
122,that,O  
122,gets,O  
122,both,O  
122,dry,B-SYMPTOM  
122,and,O  
122,oily,B-SYMPTOM  
123,The,O  
123,rash,B-SYMPTOM  
123,on,O  
123,my,O  
123,chest,B-BODY_PART  
123,has,O  
123,lasted,O  
123,for,O  
123,a,O  
123,week,B-DURATION  
124,My,O  
124,cheeks,B-BODY_PART  
124,get,O  
124,tiny,B-SYMPTOM  
124,bumps,I-SYMPTOM  
124,after,O  
124,using,O  
124,fragrance,B-SENSITIVITY  
124,products,I-SENSITIVITY  
125,The,O  
125,acne,B-SYMPTOM  
125,flare-ups,I-SYMPTOM  
125,started,O  
125,again,O  
125,this,O  
125,summer,B-SEASON  
126,I,O  
126,get,O  
126,extreme,B-SEVERITY  
126,dryness,B-SYMPTOM  
126,whenever,O  
126,it's,O  
126,cold,B-SEASON  
126,outside,I-SEASON  
127,My,O  
127,neck,B-BODY_PART  
127,gets,O  
127,itchy,B-SYMPTOM  
127,after,O  
127,wearing,O  
127,perfumed,B-SENSITIVITY  
127,lotion,I-SENSITIVITY  
128,The,O  
128,skin,B-BODY_PART  
128,on,O  
128,my,O  
128,legs,B-BODY_PART  
128,feels,O  
128,very,B-SEVERITY  
128,rough,B-SYMPTOM  
129,I,O  
129,noticed,O  
129,blackheads,B-SYMPTOM  
129,on,O  
129,my,O  
129,nose,B-BODY_PART  
129,recently,O  
130,The,O  
130,pimples,B-SYMPTOM  
130,around,O  
130,my,O  
130,chin,B-BODY_PART  
130,hurt,O  
130,a,O  
130,lot,B-SEVERITY  
131,My,O  
131,skin,B-BODY_PART  
131,is,O  
131,sensitive,B-SKIN_TYPE  
131,to,O  
131,any,O  
131,strong,B-SENSITIVITY  
131,fragrance,I-SENSITIVITY  
132,I,O  
132,got,O  
132,a,O  
132,bad,B-SEVERITY  
132,rash,B-SYMPTOM  
132,after,O  
132,trying,O  
132,a,O  
132,new,B-SENSITIVITY  
132,cleanser,I-SENSITIVITY  
133,The,O  
133,oily,B-SKIN_TYPE  
133,patches,I-SKIN_TYPE  
133,on,O  
133,my,O  
133,forehead,B-BODY_PART  
133,won't,O  
133,go,O  
133,away,O  
134,I,O  
134,keep,O  
134,scratching,B-SYMPTOM  
134,my,O  
134,legs,B-BODY_PART  
134,because,O  
134,of,O  
134,itching,I-SYMPTOM  
135,My,O  
135,skin,B-BODY_PART  
135,breaks,O  
135,out,B-SYMPTOM  
135,after,O  
135,eating,O  
135,spicy,B-TRIGGER  
135,food,I-TRIGGER  
136,The,O  
136,redness,B-SYMPTOM  
136,around,O  
136,my,O  
136,chin,B-BODY_PART  
136,is,O  
136,constant,O  
137,My,O  
137,face,B-BODY_PART  
137,feels,O  
137,burning,B-SYMPTOM  
137,after,O  
137,sun,B-TRIGGER  
137,exposure,I-TRIGGER  
138,I,O  
138,noticed,O  
138,new,B-SYMPTOM  
138,pimples,I-SYMPTOM  
138,on,O  
138,my,O  
138,forehead,B-BODY_PART  
138,last,O  
138,week,B-DURATION  
139,The,O  
139,itch,B-SYMPTOM  
139,on,O  
139,my,O  
139,arms,B-BODY_PART  
139,spreads,O  
139,fast,B-SEVERITY  
140,I,O  
140,get,O  
140,red,B-SYMPTOM  
140,mild,B-SEVERITY  
140,patches,I-SYMPTOM  
140,when,O  
140,it's,O  
140,hot,B-TRIGGER  
141,My,O  
141,skin,B-BODY_PART  
141,gets,O  
141,extremely,B-SEVERITY  
141,dry,B-SKIN_TYPE  
141,during,O  
141,winter,B-SEASON  
142,The,O  
142,itchiness,B-SYMPTOM  
142,continues,O  
142,for,O  
142,a,O  
142,few,B-DURATION  
142,days,I-DURATION  
143,I,O  
143,get,O  
143,breakouts,B-SYMPTOM  
143,after,O  
143,using,O  
143,a,O  
143,scented,B-SENSITIVITY  
143,moisturizer,I-SENSITIVITY  
144,My,O  
144,cheeks,B-BODY_PART  
144,feel,O  
144,irritated,B-SYMPTOM  
144,in,O  
144,cold,B-SEASON  
144,air,I-SEASON  
145,The,O  
145,oily,B-SKIN_TYPE  
145,T-zone,B-BODY_PART  
145,gets,O  
145,shinier,B-SYMPTOM  
145,during,O  
145,summer,B-SEASON  
146,I,O  
146,have,O  
146,tiny,B-SYMPTOM  
146,bumps,I-SYMPTOM  
146,on,O  
146,my,O  
146,arms,B-BODY_PART  
146,that,O  
146,won't,O  
146,go,O  
146,away,O  
147,My,O  
147,neck,B-BODY_PART  
147,gets,O  
147,red,B-SYMPTOM  
147,whenever,O  
147,I,O  
147,wear,O  
147,perfumed,B-SENSITIVITY  
147,body,I-SENSITIVITY  
147,lotion,I-SENSITIVITY  
148,The,O  
148,skin,B-BODY_PART  
148,around,O  
148,my,O  
148,lips,B-BODY_PART  
148,is,O  
148,peeling,B-SYMPTOM  
149,I,O  
149,get,O  
149,severe,B-SEVERITY  
149,acne,B-SYMPTOM  
149,on,O  
149,my,O  
149,back,B-BODY_PART  
150,My,O  
150,forehead,B-BODY_PART  
150,becomes,O  
150,oily,B-SKIN_TYPE  
150,after,O  
150,a,O  
150,few,B-DURATION  
150,hours,I-DURATION
151,I,O  
151,have,O  
151,been,O  
151,struggling,O  
151,with,O  
151,oily,B-SKIN_TYPE  
151,skin,B-BODY_PART  
151,on,O  
151,my,O  
151,forehead,B-BODY_PART  
151,and,O  
151,nose,B-BODY_PART  
151,especially,O  
151,during,O  
151,the,O  
151,humid,B-TRIGGER  
151,season,I-TRIGGER  
152,The,O  
152,breakouts,B-SYMPTOM  
152,on,O  
152,my,O  
152,cheeks,B-BODY_PART  
152,seem,O  
152,to,O  
152,get,O  
152,worse,O  
152,every,O  
152,time,O  
152,I,O  
152,use,O  
152,a,O  
152,new,B-SENSITIVITY  
152,moisturizer,I-SENSITIVITY  
153,I,O  
153,noticed,O  
153,my,O  
153,skin,B-BODY_PART  
153,turns,O  
153,red,B-SYMPTOM  
153,and,O  
153,itchy,B-SYMPTOM  
153,after,O  
153,being,O  
153,outside,O  
153,in,O  
153,the,O  
153,sun,B-TRIGGER  
153,for,O  
153,too,O  
153,long,B-DURATION  
154,My,O  
154,neck,B-BODY_PART  
154,develops,O  
154,sudden,B-SYMPTOM  
154,itchiness,I-SYMPTOM  
154,when,O  
154,I,O  
154,use,O  
154,strong,B-SENSITIVITY  
154,perfumed,I-SENSITIVITY  
154,products,I-SENSITIVITY  
155,The,O  
155,skin,B-BODY_PART  
155,around,O  
155,my,O  
155,eyes,B-BODY_PART  
155,feels,O  
155,very,B-SEVERITY  
155,dry,B-SKIN_TYPE  
155,and,O  
155,flaky,B-SYMPTOM  
155,during,O  
155,the,O  
155,winter,B-SEASON  
155,months,I-SEASON  
156,I,O  
156,often,O  
156,get,O  
156,small,B-SYMPTOM  
156,pimples,I-SYMPTOM  
156,around,O  
156,my,O  
156,chin,B-BODY_PART  
156,whenever,O  
156,I,O  
156,eat,O  
156,greasy,B-TRIGGER  
156,food,I-TRIGGER  
157,My,O  
157,arms,B-BODY_PART  
157,become,O  
157,extremely,B-SEVERITY  
157,itchy,B-SYMPTOM  
157,and,O  
157,red,B-SYMPTOM  
157,after,O  
157,taking,O  
157,a,O  
157,long,B-DURATION  
157,hot,B-TRIGGER  
157,shower,I-TRIGGER  
158,The,O  
158,breakouts,B-SYMPTOM  
158,have,O  
158,been,O  
158,appearing,O  
158,frequently,O  
158,on,O  
158,my,O  
158,back,B-BODY_PART  
158,since,O  
158,I,O  
158,started,O  
158,working,O  
158,out,B-TRIGGER  
158,daily,I-TRIGGER  
159,I,O  
159,feel,O  
159,my,O  
159,skin,B-BODY_PART  
159,has,O  
159,become,O  
159,sensitive,B-SKIN_TYPE  
159,to,O  
159,sunscreen,B-SENSITIVITY  
159,as,O  
159,it,O  
159,starts,O  
159,to,O  
159,sting,B-SYMPTOM  
159,whenever,O  
159,I,O  
159,apply,O  
159,it,O  
160,The,O  
160,redness,B-SYMPTOM  
160,on,O  
160,my,O  
160,cheeks,B-BODY_PART  
160,gets,O  
160,worse,O  
160,whenever,O  
160,I,O  
160,am,O  
160,outside,O  
160,in,O  
160,cold,B-SEASON  
160,weather,I-SEASON  
161,My,O  
161,face,B-BODY_PART  
161,starts,O  
161,to,O  
161,itch,B-SYMPTOM  
161,after,O  
161,I,O  
161,use,O  
161,a,O  
161,product,O  
161,that,O  
161,contains,O  
161,fragrance,B-SENSITIVITY  
162,I,O  
162,get,O  
162,tiny,B-SYMPTOM  
162,whiteheads,I-SYMPTOM  
162,near,O  
162,my,O  
162,forehead,B-BODY_PART  
162,when,O  
162,I,O  
162,spend,O  
162,too,O  
162,much,O  
162,time,O  
162,in,O  
162,the,O  
162,heat,B-TRIGGER  
163,The,O  
163,sharp,B-SYMPTOM  
163,itch,I-SYMPTOM  
163,around,O  
163,my,O  
163,shoulders,B-BODY_PART  
163,lasts,O  
163,for,O  
163,days,B-DURATION  
163,every,O  
163,time,O  
163,I,O  
163,use,O  
163,a,O  
163,new,B-SENSITIVITY  
163,laundry,I-SENSITIVITY  
163,detergent,I-SENSITIVITY  
164,My,O  
164,face,B-BODY_PART  
164,is,O  
164,very,B-SEVERITY  
164,oily,B-SKIN_TYPE  
164,and,O  
164,I,O  
164,have,O  
164,to,O  
164,blot,O  
164,my,O  
164,skin,B-BODY_PART  
164,several,O  
164,times,O  
164,a,O  
164,day,B-DURATION  
165,I,O  
165,keep,O  
165,experiencing,O  
165,breakouts,B-SYMPTOM  
165,on,O  
165,my,O  
165,chin,B-BODY_PART  
165,whenever,O  
165,I,O  
165,am,O  
165,under,O  
165,a,O  
165,lot,B-SEVERITY  
165,of,O  
165,stress,B-TRIGGER  
166,The,O  
166,skin,B-BODY_PART  
166,on,O  
166,my,O  
166,arms,B-BODY_PART  
166,gets,O  
166,flaky,B-SYMPTOM  
166,each,O  
166,winter,B-SEASON  
166,despite,O  
166,applying,O  
166,moisturizer,O  
166,regularly,O  
167,After,O  
167,using,O  
167,a,O  
167,new,B-SENSITIVITY  
167,cleansing,I-SENSITIVITY  
167,foam,I-SENSITIVITY  
167,my,O  
167,face,B-BODY_PART  
167,developed,O  
167,small,B-SYMPTOM  
167,itchy,I-SYMPTOM  
167,spots,I-SYMPTOM  
168,My,O  
168,forehead,B-BODY_PART  
168,breaks,O  
168,out,B-SYMPTOM  
168,more,O  
168,frequently,O  
168,in,O  
168,humid,B-TRIGGER  
168,weather,I-TRIGGER  
168,than,O  
168,in,O  
168,winter,B-SEASON  
169,I,O  
169,noticed,O  
169,red,B-SYMPTOM  
169,patches,I-SYMPTOM  
169,around,O  
169,my,O  
169,nose,B-BODY_PART  
169,that,O  
169,get,O  
169,worse,O  
169,after,O  
169,using,O  
169,fragranced,B-SENSITIVITY  
169,toner,I-SENSITIVITY  
170,The,O  
170,itching,B-SYMPTOM  
170,around,O  
170,my,O  
170,neck,B-BODY_PART  
170,start,O  
170,a,O  
170,few,B-DURATION  
170,hours,I-DURATION  
170,after,O  
170,I,O  
170,apply,O  
170,sunscreen,B-SENSITIVITY  
171,My,O  
171,body,B-BODY_PART  
171,feels,O  
171,irritated,B-SYMPTOM  
171,after,O  
171,using,O  
171,new,B-SENSITIVITY  
171,detergent,I-SENSITIVITY  
171,that,O  
171,contains,O  
171,fragrance,I-SENSITIVITY  
172,I,O  
172,get,O  
172,itchy,B-SYMPTOM  
172,elbows,B-BODY_PART  
172,whenever,O  
172,the,O  
172,air,B-TRIGGER  
172,is,O  
172,dry,I-TRIGGER  
172,during,O  
172,winter,B-SEASON  
173,The,O  
173,skin,B-BODY_PART  
173,on,O  
173,my,O  
173,legs,B-BODY_PART  
173,gets,O  
173,extremely,B-SEVERITY  
173,dry,B-SKIN_TYPE  
173,and,O  
173,cracked,B-SYMPTOM  
173,in,O  
173,cold,B-SEASON  
173,weather,I-SEASON  
174,My,O  
174,forehead,B-BODY_PART  
174,stays,O  
174,oily,B-SKIN_TYPE  
174,all,O  
174,day,B-DURATION  
174,no,O  
174,matter,O  
174,what,O  
174,product,O  
174,I,O  
174,use,O  
175,I,O  
175,often,O  
175,feel,O  
175,tingling,B-SYMPTOM  
175,on,O  
175,my,O  
175,cheeks,B-BODY_PART  
175,after,O  
175,applying,O  
175,sunscreen,B-SENSITIVITY  
176,The,O  
176,breakouts,B-SYMPTOM  
176,on,O  
176,my,O  
176,back,B-BODY_PART  
176,start,O  
176,to,O  
176,itch,B-SYMPTOM  
176,after,O  
176,exercise,B-TRIGGER  
177,My,O  
177,skin,B-BODY_PART  
177,feels,O  
177,very,B-SEVERITY  
177,dry,B-SKIN_TYPE  
177,at,O  
177,night,B-DURATION  
177,when,O  
177,the,O  
177,temperature,B-TRIGGER  
177,drops,O  
178,I,O  
178,noticed,O  
178,my,O  
178,chin,B-BODY_PART  
178,gets,O  
178,dark,B-SYMPTOM  
178,marks,I-SYMPTOM  
178,after,O  
178,old,O  
178,breakouts,B-SYMPTOM  
178,heal,O  
179,The,O  
179,redness,B-SYMPTOM  
179,appears,O  
179,around,O  
179,my,O  
179,eyes,B-BODY_PART  
179,each,O  
179,winter,B-SEASON  
179,and,O  
179,lasts,O  
179,a,O  
179,few,B-DURATION  
179,days,I-DURATION  
180,My,O  
180,neck,B-BODY_PART  
180,gets,O  
180,itchy,B-SYMPTOM  
180,after,O  
180,wearing,O  
180,perfumed,B-SENSITIVITY  
180,lotion,I-SENSITIVITY  
180,all,O  
180,day,B-DURATION  
181,I,O  
181,get,O  
181,whiteheads,B-SYMPTOM  
181,on,O  
181,my,O  
181,chest,B-BODY_PART  
181,after,O  
181,working,O  
181,out,B-TRIGGER  
182,The,O  
182,oil,B-SYMPTOM  
182,production,I-SYMPTOM  
182,on,O  
182,my,O  
182,forehead,B-BODY_PART  
182,increases,O  
182,in,O  
182,summer,B-SEASON  
183,My,O  
183,arms,B-BODY_PART  
183,develop,O  
183,itchy,B-SYMPTOM  
183,rashes,I-SYMPTOM  
183,after,O  
183,using,O  
183,new,B-SENSITIVITY  
183,body,I-SENSITIVITY  
183,wash,I-SENSITIVITY  
184,I,O  
184,feel,O  
184,continuous,B-SYMPTOM  
184,burning,I-SYMPTOM  
184,around,O  
184,my,O  
184,cheeks,B-BODY_PART  
184,during,O  
184,cold,B-SEASON  
184,months,I-SEASON  
185,The,O  
185,acne,B-SYMPTOM  
185,flare-ups,I-SYMPTOM  
185,happen,O  
185,every,O  
185,time,O  
185,I,O  
185,am,O  
185,under,O  
185,stress,B-TRIGGER  
186,My,O  
186,forehead,B-BODY_PART  
186,develops,O  
186,rough,B-SYMPTOM  
186,texture,I-SYMPTOM  
186,after,O  
186,washing,O  
186,too,O  
186,frequently,B-DURATION  
187,I,O  
187,noticed,O  
187,my,O  
187,skin,B-BODY_PART  
187,becomes,O  
187,itchy,B-SYMPTOM  
187,and,O  
187,red,B-SYMPTOM  
187,after,O  
187,using,O  
187,strong,B-SENSITIVITY  
187,cleaning,I-SENSITIVITY  
187,products,I-SENSITIVITY  
188,The,O  
188,itchiness,B-SYMPTOM  
188,on,O  
188,my,O  
188,arms,B-BODY_PART  
188,last,O  
188,for,O  
188,three,B-DURATION  
188,days,I-DURATION  
188,after,O  
188,showering,O  
189,My,O  
189,cheeks,B-BODY_PART  
189,get,O  
189,red,B-SYMPTOM  
189,and,O  
189,irritated,B-SYMPTOM  
189,when,O  
189,I,O  
189,step,O  
189,out,O  
189,in,O  
189,cold,B-SEASON  
189,wind,I-SEASON  
190,I,O  
190,feel,O  
190,the,O  
190,skin,B-BODY_PART  
190,around,O  
190,my,O  
190,eyes,B-BODY_PART  
190,burn,B-SYMPTOM  
190,after,O  
190,applying,O  
190,sunscreen,B-SENSITIVITY  
191,The,O  
191,rashes,B-SYMPTOM  
191,on,O  
191,my,O  
191,arms,B-BODY_PART  
191,usually,O  
191,appear,O  
191,in,O  
191,winter,B-SEASON  
191,when,O  
191,air,B-TRIGGER  
191,is,O  
191,dry,I-TRIGGER  
192,My,O  
192,neck,B-BODY_PART  
192,has,O  
192,developed,O  
192,small,B-SYMPTOM  
192,bumps,I-SYMPTOM  
192,after,O  
192,switching,O  
192,to,O  
192,a,O  
192,new,B-SENSITIVITY  
192,moisturizer,I-SENSITIVITY  
193,I,O  
193,get,O  
193,greasy,B-SKIN_TYPE  
193,skin,B-BODY_PART  
193,whenever,O  
193,it's,O  
193,hot,B-TRIGGER  
193,and,O  
193,humid,I-TRIGGER  
194,The,O  
194,redness,B-SYMPTOM  
194,on,O  
194,my,O  
194,cheeks,B-BODY_PART  
194,lasts,O  
194,for,O  
194,several,B-DURATION  
194,days,I-DURATION  
194,after,O  
194,sun,B-TRIGGER  
194,exposure,I-TRIGGER  
195,My,O  
195,face,B-BODY_PART  
195,gets,O  
195,itchy,B-SYMPTOM  
195,whenever,O  
195,I,O  
195,apply,O  
195,perfumed,B-SENSITIVITY  
195,cream,I-SENSITIVITY  
196,I,O  
196,often,O  
196,notice,O  
196,peeling,B-SYMPTOM  
196,skin,B-BODY_PART  
196,around,O  
196,my,O  
196,lips,B-BODY_PART  
196,during,O  
196,winter,B-SEASON  
197,The,O  
197,itchiness,B-SYMPTOM  
197,around,O  
197,my,O  
197,ears,B-BODY_PART  
197,happens,O  
197,after,O  
197,wearing,O  
197,perfume,B-SENSITIVITY  
198,My,O  
198,cheeks,B-BODY_PART  
198,get,O  
198,thick,B-SYMPTOM  
198,red,B-SYMPTOM  
198,patches,I-SYMPTOM  
198,in,O  
198,winter,B-SEASON  
199,I,O  
199,have,O  
199,flaky,B-SYMPTOM  
199,skin,B-BODY_PART  
199,that,O  
199,gets,O  
199,worse,O  
199,after,O  
199,long,B-DURATION  
199,showers,I-DURATION  
200,The,O  
200,oily,B-SKIN_TYPE  
200,areas,B-BODY_PART  
200,on,O  
200,my,O  
200,face,B-BODY_PART  
200,become,O  
200,shinier,B-SYMPTOM  
200,in,O  
200,summer,B-SEASON  
200,than,O  
200,any,O  
200,other,O  
200,season,B-SEASON
201,I,O
201,have,O
201,dry,B-SKIN_TYPE
201,skin,I-SKIN_TYPE
201,especially,O
201,on,O
201,my,O
201,cheeks,B-BODY_PART
201,during,O
201,winter,B-SEASON
202,My,O
202,forehead,B-BODY_PART
202,is,O
202,oily,B-SKIN_TYPE
202,and,O
202,I,O
202,notice,O
202,frequent,O
202,breakouts,B-SYMPTOM
203,After,O
203,using,O
203,this,O
203,sunscreen,B-SENSITIVITY
203,my,O
203,face,B-BODY_PART
203,developed,O
203,redness,B-SYMPTOM
203,and,O
203,itching,B-SYMPTOM
204,I,O
204,get,O
204,itching,B-SYMPTOM
204,around,O
204,my,O
204,eye,B-BODY_PART
204,area,B-BODY_PART
204,when,O
204,exposed,O
204,to,O
204,the,O
204,sun,B-TRIGGER
205,My,O
205,skin,B-SKIN_TYPE
205,feels,O
205,sensitive,B-SENSITIVITY
205,after,O
205,a,O
205,few,O
205,days,B-DURATION
205,of,O
205,sweating,B-TRIGGER
206,I,O
206,have,O
206,mild,B-SEVERITY
206,dryness,B-SYMPTOM
206,on,O
206,my,O
206,nose,B-BODY_PART
206,that,O
206,lashes,O
206,during,O
206,summer,B-SEASON
207,The,O
207,redness,B-SYMPTOM
207,on,O
207,my,O
207,cheeks,B-BODY_PART
207,gets,O
207,worse,O
207,during,O
207,cold,B-TRIGGER
207,winter,B-SEASON
208,My,O
208,back,B-BODY_PART
208,breaks,O
208,out,O
208,with,O
208,severe,B-SEVERITY
208,acne,B-SYMPTOM
208,when,O
208,under,O
208,stress,B-TRIGGER
209,Do,O
209,you,O
209,think,O
209,my,O
209,sensitive,B-SENSITIVITY
209,skin,B-SKIN_TYPE
209,is,O
209,reacting,O
209,to,O
209,the,O
209,fragrance,B-SENSITIVITY
210,I,O
210,noticed,O
210,dark,B-SYMPTOM
210,spots,B-SYMPTOM
210,appearing,O
210,on,O
210,my,O
210,forehead,B-BODY_PART
210,after,O
210,two,B-DURATION
210,weeks,I-DURATION
210,of,O
210,sun,B-TRIGGER
210,exposure,O
211,My,O
211,cheeks,B-BODY_PART
211,feel,O
211,dry,B-SKIN_TYPE
211,and,O
211,flaky,B-SYMPTOM
211,during,O
211,the,O
211,cold,B-SEASON
211,months,O
212,I,O
212,have,O
212,oily,B-SKIN_TYPE
212,skin,I-SKIN_TYPE
212,and,O
212,frequent,O
212,whiteheads,B-SYMPTOM
212,on,O
212,my,O
212,nose,B-BODY_PART
213,I,O
213,experience,O
213,mild,B-SEVERITY
213,itiching,B-SYMPTOM
213,on,O
213,my,O
213,scalp,B-BODY_PART
213,during,O
213,winter,B-SEASON
214,My,O
214,eyes,B-BODY_PART
214,become,O
214,red,B-SYMPTOM
214,and,O
214,irritated,B-SYMPTOM
214,after,O
214,contact,O
214,with,O
214,fragrance,B-SENSITIVITY
215,I,O
215,get,O
215,severe,B-SEVERITY
215,acne,B-SYMPTOM
215,on,O
215,my,O
215,chin,B-BODY_PART
215,during,O
215,summer,B-SEASON
216,My,O
216,skin,B-SKIN_TYPE
216,turns,O
216,very,O
216,oily,B-SKIN_TYPE
216,in,O
216,the,O
216,humidity,B-TRIGGER
216,of,O
216,july,B-SEASON
217,I,O
217,have,O
217,a,O
217,mild,B-SEVERITY
217,rash,B-SYMPTOM
217,on,O
217,my,O
217,neck,B-BODY_PART
217,likely,O
217,due,O
217,to,O
217,allergy,B-SENSITIVITY
218,Do,O
218,any,O
218,products,O
218,help,O
218,with,O
218,dry,B-SKIN_TYPE
218,patches,B-SYMPTOM
218,on,O
218,face,B-BODY_PART
218,during,O
218,winter,B-SEASON
219,My,O
219,nose,B-BODY_PART
219,gets,O
219,red,B-SYMPTOM
219,when,O
219,I,O
219,am,O
219,exposed,O
219,to,O
219,cold,B-TRIGGER
220,Is,O
220,my,O
220,sensitive,B-SENSITIVITY
220,skin,B-SKIN_TYPE
220,reacting,O
220,to,O
220,the,O
220,new,O
220,makeup,B-TRIGGER
221,I've,O
221,had,O
221,persistent,B-DURATION
221,acne,B-SYMPTOM
221,for,O
221,a,O
221,few,B-DURATION
221,months,I-DURATION
222,I,O
222,get,O
222,mild,B-SEVERITY
222,itching,B-SYMPTOM
222,after,O
222,using,O
222,this,O
222,sunscreen,B-SENSITIVITY
223,My,O
223,chin,B-BODY_PART
223,feels,O
223,oily,B-SKIN_TYPE
223,and,O
223,breaks,O
223,out,O
223,easily,O
223,especially,O
223,in,O
223,summer,B-SEASON
224,I,O
224,get,O
224,redness,B-SYMPTOM
224,and,O
224,dryness,B-SYMPTOM
224,on,O
224,my,O
224,arms,B-BODY_PART
224,during,O
224,winter,B-SEASON
225,The,O
225,skin,B-SKIN_TYPE
225,on,O
225,my,O
225,back,B-BODY_PART
225,is,O
225,very,O
225,oily,B-SKIN_TYPE
225,and,O
225,acne,B-SYMPTOM
225,prone,O
226,I,O
226,have,O
226,moderate,B-SEVERITY
226,redness,B-SYMPTOM
226,on,O
226,my,O
226,face,B-BODY_PART
226,especially,O
226,around,O
226,my,O
226,nose,B-BODY_PART
227,My,O
227,skin,B-SKIN_TYPE
227,is,O
227,sensitive,B-SENSITIVITY
227,to,O
227,fragrance,B-SENSITIVITY
227,in,O
227,lotions,B-TRIGGER
228,Dry,B-SKIN_TYPE
228,flaky,B-SYMPTOM
228,skin,I-SKIN_TYPE
228,on,O
228,my,O
228,hands,B-BODY_PART
228,during,O
228,winter,B-SEASON
229,I,O
229,have,O
229,acne,B-SYMPTOM
229,on,O
229,my,O
229,forehead,B-BODY_PART
229,that,O
229,gets,O
229,severe,B-SEVERITY
229,when,O
229,stressed,B-TRIGGER
230,My,O
230,neck,B-BODY_PART
230,has,O
230,a,O
230,mild,B-SEVERITY
230,rash,B-SYMPTOM
230,after,O
230,wearing,O
230,a,O
230,new,O
230,perfume,B-TRIGGER
231,My,O
231,skin,B-SKIN_TYPE
231,is,O
231,dry,B-SKIN_TYPE
231,and,O
231,rough,B-SYMPTOM
231,during,O
231,the,O
231,winter,B-SEASON
232,I,O
232,get,O
232,burning,B-SYMPTOM
232,sensation,O
232,on,O
232,my,O
232,face,B-BODY_PART
232,after,O
232,sun,B-TRIGGER
232,exposure,O
233,I,O
233,have,O
233,oily,B-SKIN_TYPE
233,skin,I-SKIN_TYPE
233,that,O
233,breaks,O
233,out,O
233,around,O
233,my,O
233,jawline,B-BODY_PART
234,My,O
234,skin,B-SKIN_TYPE
234,tends,O
234,to,O
234,be,O
234,sensitive,B-SENSITIVITY
234,to,O
234,certain,O
234,makeup,B-TRIGGER
235,I,O
235,experience,O
235,redness,B-SYMPTOM
235,and,O
235,swelling,B-SYMPTOM
235,when,O
235,I,O
235,use,O
235,a,O
235,fragrance,B-SENSITIVITY
236,My,O
236,skin,B-SKIN_TYPE
236,turns,O
236,dry,B-SKIN_TYPE
236,and,O
236,flaky,B-SYMPTOM
236,during,O
236,winter,B-SEASON
236,months,O
237,The,O
237,forehead,B-BODY_PART
237,and,O
237,cheeks,B-BODY_PART
237,get,O
237,oily,B-SKIN_TYPE
237,especially,O
237,during,O
237,humid,B-TRIGGER
237,weather,O
238,My,O
238,left,B-BODY_PART
238,cheek,B-BODY_PART
238,has,O
238,a,O
238,mild,B-SEVERITY
238,rash,B-SYMPTOM
238,that,O
238,persisted,O
238,for,O
238,a,O
238,few,B-DURATION
238,days,I-DURATION
239,I,O
239,get,O
239,dry,B-SKIN_TYPE
239,patches,B-SYMPTOM
239,on,O
239,my,O
239,hands,B-BODY_PART
239,from,O
239,frequent,O
239,handwashing,B-TRIGGER
240,My,O
240,skin,B-SKIN_TYPE
240,becomes,O
240,sensitive,B-SENSITIVITY
240,when,O
240,I,O
240,switch,O
240,to,O
240,a,O
240,new,O
240,moisturizer,B-TRIGGER
241,I,O
241,have,O
241,mild,B-SEVERITY
241,eczema,B-SYMPTOM
241,on,O
241,my,O
241,arms,B-BODY_PART
241,especially,O
241,during,O
241,cold,B-SEASON
242,The,O
242,redness,B-SYMPTOM
242,on,O
242,my,O
242,nose,B-BODY_PART
242,is,O
242,triggered,O
242,by,O
242,stress,B-TRIGGER
243,I,O
243,get,O
243,breakouts,B-SYMPTOM
243,on,O
243,my,O
243,chin,B-BODY_PART
243,when,O
243,wearing,O
243,a,O
243,mask,B-TRIGGER
244,I,O
244,experience,O
244,flaky,B-SYMPTOM
244,scalp,B-BODY_PART
244,especially,O
244,during,O
244,winter,B-SEASON
245,My,O
245,face,B-BODY_PART
245,feels,O
245,itchy,B-SYMPTOM
245,and,O
245,red,B-SYMPTOM
245,after,O
245,using,O
245,a,O
245,new,O
245,cleanser,B-TRIGGER
246,I,O
246,have,O
246,oily,B-SKIN_TYPE
246,skin,I-SKIN_TYPE
246,and,O
246,get,O
246,mild,B-SEVERITY
246,blackheads,B-SYMPTOM
246,on,O
246,my,O
246,nose,B-BODY_PART
247,My,O
247,skin,B-SKIN_TYPE
247,is,O
247,dry,B-SKIN_TYPE
247,and,O
247,especially,O
247,sensitive,B-SENSITIVITY
247,in,O
247,winter,B-SEASON
248,The,O
248,redness,B-SYMPTOM
248,on,O
248,my,O
248,cheeks,B-BODY_PART
248,increases,O
248,when,O
248,I,O
248,am,O
248,stressed,B-TRIGGER
249,My,O
249,forehead,B-BODY_PART
249,feels,O
249,oily,B-SKIN_TYPE
249,and,O
249,thick,B-SYMPTOM
249,during,O
249,summers,B-SEASON
250,I,O
250,get,O
250,mild,B-SEVERITY
250,itchiness,B-SYMPTOM
250,on,O
250,my,O
250,neck,B-BODY_PART
250,after,O
250,wearing,O
250,a,O
250,scarf,B-TRIGGER
251,I,O
251,have,O
251,a,O
251,small,B-SEVERITY
251,rash,B-SYMPTOM
251,around,O
251,my,O
251,eyes,B-BODY_PART
252,My,O
252,skin,B-SKIN_TYPE
252,is,O
252,very,O
252,oily,B-SKIN_TYPE
252,and,O
252,prone,O
252,to,O
252,acne,B-SYMPTOM
253,The,O
253,skin,B-SKIN_TYPE
253,on,O
253,my,O
253,hands,B-BODY_PART
253,gets,O
253,dry,B-SKIN_TYPE
253,during,O
253,cold,B-SEASON
253,months,O
254,I,O
254,get,O
254,burning,B-SYMPTOM
254,sensation,O
254,on,O
254,my,O
254,lips,B-BODY_PART
254,during,O
254,winter,B-SEASON
255,I,O
255,have,O
255,sensitive,B-SENSITIVITY
255,skin,B-SKIN_TYPE
255,that,O
255,reacts,O
255,to,O
255,new,O
255,fragrances,B-SENSITIVITY
256,My,O
256,face,B-BODY_PART
256,deals,O
256,with,O
256,mild,B-SEVERITY
256,redness,B-SYMPTOM
256,and,O
256,dryness,B-SYMPTOM
257,I,O
257,notice,O
257,that,O
257,my,O
257,skin,B-SKIN_TYPE
257,feels,O
257,drier,B-SKIN_TYPE
257,in,O
257,the,O
257,cold,B-SEASON
258,My,O
258,chest,B-BODY_PART
258,breaks,O
258,out,O
258,with,O
258,pimples,B-SYMPTOM
258,during,O
258,humid,B-TRIGGER
258,weather,O
259,I,O
259,have,O
259,oily,B-SKIN_TYPE
259,skin,I-SKIN_TYPE
259,and,O
259,my,O
259,nose,B-BODY_PART
259,has,O
259,blackheads,B-SYMPTOM
260,After,O
260,using,O
260,a,O
260,new,O
260,lotion,B-TRIGGER
260,my,O
260,skin,B-SKIN_TYPE
260,became,O
260,red,B-SYMPTOM
260,and,O
260,itchy,B-SYMPTOM
261,I,O
261,get,O
261,few,B-DURATION
261,breakouts,B-SYMPTOM
261,on,O
261,my,O
261,jawline,B-BODY_PART
261,during,O
261,my,O
261,period,B-TRIGGER
262,My,O
262,forehead,B-BODY_PART
262,feels,O
262,itchy,B-SYMPTOM
262,and,O
262,red,B-SYMPTOM
262,after,O
262,applying,O
262,new,O
262,sunscreen,B-SENSITIVITY
263,I,O
263,have,O
263,dry,B-SKIN_TYPE
263,skin,I-SKIN_TYPE
263,especially,O
263,on,O
263,my,O
263,legs,B-BODY_PART
263,during,O
263,winter,B-SEASON
264,I,O
264,notice,O
264,my,O
264,skin,B-SKIN_TYPE
264,becomes,O
264,much,O
264,oilier,B-SKIN_TYPE
264,in,O
264,the,O
264,summer,B-SEASON
265,I,O
265,get,O
265,burning,B-SYMPTOM
265,feeling,O
265,when,O
265,I,O
265,use,O
265,products,O
265,with,O
265,fragrance,B-SENSITIVITY
266,The,O
266,redness,B-SYMPTOM
266,on,O
266,my,O
266,nose,B-BODY_PART
266,comes,O
266,and,O
266,goes,O
266,with,O
266,my,O
266,stress,B-TRIGGER
267,I,O
267,have,O
267,mild,B-SEVERITY
267,dryness,B-SYMPTOM
267,on,O
267,my,O
267,cheeks,B-BODY_PART
268,My,O
268,skin,B-SKIN_TYPE
268,is,O
268,very,O
268,sensitive,B-SENSITIVITY
268,to,O
268,sunscreens,B-SENSITIVITY
269,I,O
269,get,O
269,frequent,O
269,acne,B-SYMPTOM
269,on,O
269,my,O
269,back,B-BODY_PART
270,The,O
270,itchiness,B-SYMPTOM
270,on,O
270,my,O
270,arms,B-BODY_PART
270,in,O
270,winter,B-SEASON
270,is,O
270,severe,B-SEVERITY
271,I,O
271,have,O
271,oily,B-SKIN_TYPE
271,and,O
271,sensitive,B-SENSITIVITY
271,skin,I-SKIN_TYPE
272,My,O
272,face,B-BODY_PART
272,developed,O
272,redness,B-SYMPTOM
272,and,O
272,dryness,B-SYMPTOM
272,after,O
272,using,O
272,a,O
272,new,O
272,lotion,B-TRIGGER
273,I,O
273,suffer,O
273,from,O
273,mild,B-SEVERITY
273,dark,B-SYMPTOM
273,spots,I-SYMPTOM
273,on,O
273,my,O
273,cheeks,B-BODY_PART
274,My,O
274,neck,B-BODY_PART
274,feels,O
274,dry,B-SKIN_TYPE
274,during,O
274,cold,B-SEASON
275,I,O
275,get,O
275,itching,B-SYMPTOM
275,after,O
275,using,O
275,a,O
275,new,O
275,facial,O
275,cream,B-TRIGGER
276,I,O
276,get,O
276,redness,B-SYMPTOM
276,under,O
276,my,O
276,eyes,B-BODY_PART
276,during,O
276,winter,B-SEASON
277,My,O
277,skin,B-SKIN_TYPE
277,is,O
277,oily,B-SKIN_TYPE
277,especially,O
277,on,O
277,my,O
277,forehead,B-BODY_PART
278,I,O
278,have,O
278,sensitive,B-SENSITIVITY
278,skin,I-SKIN_TYPE
278,that,O
278,reacts,O
278,to,O
278,certain,O
278,fragrances,B-SENSITIVITY
279,My,O
279,forehead,B-BODY_PART
279,breaks,O
279,out,O
279,with,O
279,mild,B-SEVERITY
279,acne,B-SYMPTOM
279,during,O
279,humidity,B-TRIGGER
280,My,O
280,skin,B-SKIN_TYPE
280,is,O
280,dry,B-SKIN_TYPE
280,and,O
280,itchy,B-SYMPTOM
280,during,O
280,winter,B-SEASON
281,Redness,B-SYMPTOM
281,appears,O
281,on,O
281,my,O
281,cheeks,B-BODY_PART
281,when,O
281,I,O
281,use,O
281,fragranced,B-SENSITIVITY
281,products,O
282,I,O
282,get,O
282,oily,B-SKIN_TYPE
282,skin,I-SKIN_TYPE
282,and,O
282,blackheads,B-SYMPTOM
282,on,O
282,my,O
282,nose,B-BODY_PART
283,I,O
283,have,O
283,mild,B-SEVERITY
283,dryness,B-SYMPTOM
283,on,O
283,my,O
283,lips,B-BODY_PART
283,during,O
283,winter,B-SEASON
284,My,O
284,skin,B-SKIN_TYPE
284,is,O
284,sensitive,B-SENSITIVITY
284,especially,O
284,to,O
284,sunscreens,B-SENSITIVITY
285,I,O
285,get,O
285,redness,B-SYMPTOM
285,and,O
285,itching,B-SYMPTOM
285,on,O
285,my,O
285,neck,B-BODY_PART
285,after,O
285,wearing,O
285,a,O
285,scarf,B-TRIGGER
286,My,O
286,chest,B-BODY_PART
286,breaks,O
286,out,O
286,with,O
286,mild,B-SEVERITY
286,pimples,B-SYMPTOM
286,during,O
286,summer,B-SEASON
287,I,O
287,have,O
287,a,O
287,sensitive,B-SENSITIVITY
287,scalp,B-BODY_PART
287,that,O
287,get,O
287,itchy,B-SYMPTOM
287,during,O
287,cold,B-SEASON
288,I,O
288,get,O
288,mild,B-SEVERITY
288,dryness,B-SYMPTOM
288,on,O
288,my,O
288,hands,B-BODY_PART
288,after,O
288,frequent,O
288,handwashing,B-TRIGGER
289,My,O
289,face,B-BODY_PART
289,feels,O
289,dry,B-SKIN_TYPE
289,and,O
289,flaky,B-SYMPTOM
289,during,O
289,winter,B-SEASON
290,The,O
290,skin,B-SKIN_TYPE
290,on,O
290,my,O
290,cheeks,B-BODY_PART
290,is,O
290,oily,B-SKIN_TYPE
290,and,O
290,prone,O
290,to,O
290,acne,B-SYMPTOM
291,I,O
291,experience,O
291,redness,B-SYMPTOM
291,and,O
291,itchiness,B-SYMPTOM
291,on,O
291,my,O
291,back,B-BODY_PART
291,after,O
291,using,O
291,a,O
291,new,O
291,detergent,B-TRIGGER
292,I,O
292,have,O
292,dry,B-SKIN_TYPE
292,skin,I-SKIN_TYPE
292,that,O
292,feels,O
292,rough,B-SYMPTOM
292,during,O
292,cold,B-SEASON
293,My,O
293,skin,B-SKIN_TYPE
293,feels,O
293,tight,B-SYMPTOM
293,and,O
293,dry,B-SKIN_TYPE
293,during,O
293,the,O
293,winter,B-SEASON
294,I,O
294,get,O
294,red,B-SYMPTOM
294,patches,B-SYMPTOM
294,on,O
294,my,O
294,cheeks,B-BODY_PART
294,after,O
294,using,O
294,fragrance,B-SENSITIVITY
295,My,O
295,forehead,B-BODY_PART
295,gets,O
295,oily,B-SKIN_TYPE
295,especially,O
295,during,O
295,humid,B-TRIGGER
295,weather,O
296,I,O
296,have,O
296,mild,B-SEVERITY
296,acne,B-SYMPTOM
296,on,O
296,my,O
296,back,B-BODY_PART
297,I,O
297,experience,O
297,itching,B-SYMPTOM
297,and,O
297,redness,B-SYMPTOM
297,on,O
297,my,O
297,scalp,B-BODY_PART
297,in,O
297,winter,B-SEASON
298,The,O
298,skin,B-SKIN_TYPE
298,on,O
298,my,O
298,nose,B-BODY_PART
298,is,O
298,oily,B-SKIN_TYPE
299,I,O
299,get,O
299,dryness,B-SYMPTOM
299,and,O
299,flakiness,B-SYMPTOM
299,on,O
299,my,O
299,hands,B-BODY_PART
299,especially,O
299,during,O
299,cold,B-SEASON
300,my,O
300,chest,B-BODY_PART
300,breaks,O
300,out,O
300,with,O
300,pimples,B-SYMPTOM
300,during,O
300,sunny,B-SEASON
300,days,O
301,I,O
301,have,O
301,sensitive,B-SENSITIVITY
301,brittle,B-SYMPTOM
301,skin,B-SKIN_TYPE
301,that,O
301,reacts,O
301,to,O
301,new,O
301,lotions,B-TRIGGER
302,I,O
302,noticed,O
302,mild,B-SEVERITY
302,redness,B-SYMPTOM
302,around,O
302,my,O
302,nose,B-BODY_PART
302,after,O
302,a,O
302,few,B-DURATION
302,days,I-DURATION
303,I,O
303,get,O
303,oily,B-SKIN_TYPE
303,skin,I-SKIN_TYPE
303,on,O
303,my,O
303,forehead,B-BODY_PART
303,especially,O
303,in,O
303,the,O
303,summer,B-SEASON
304,My,O
304,face,B-BODY_PART
304,becomes,O
304,dry,B-SKIN_TYPE
304,and,O
304,red,B-SYMPTOM
304,during,O
304,winter,B-SEASON
305,I,O
305,have,O
305,acne,B-SYMPTOM
305,on,O
305,my,O
305,jawline,B-BODY_PART
305,that,O
305,worsens,O
305,when,O
305,stressed,B-TRIGGER
306,The,O
306,skin,B-SKIN_TYPE
306,on,O
306,my,O
306,back,B-BODY_PART
306,is,O
306,very,O
306,oily,B-SKIN_TYPE
307,I,O
307,get,O
307,redness,B-SYMPTOM
307,and,O
307,itching,B-SYMPTOM
307,on,O
307,my,O
307,arms,B-BODY_PART
307,during,O
307,cold,B-SEASON
308,My,O
308,nose,B-BODY_PART
308,get,O
308,blackheads,B-SYMPTOM
308,and,O
308,oily,B-SKIN_TYPE
308,skin,I-SKIN_TYPE
308,during,O
308,summer,B-SEASON
309,I,O
309,have,O
309,dry,B-SKIN_TYPE
309,patches,B-SYMPTOM
309,on,O
309,my,O
309,cheeks,B-BODY_PART
309,during,O
309,winter,B-SEASON
310,I,O
310,get,O
310,redness,B-SYMPTOM
310,after,O
310,using,O
310,new,O
310,fragrance,B-SENSITIVITY
310,products,O
311,My,O
311,eyes,B-BODY_PART
311,become,O
311,red,B-SYMPTOM
311,after,O
311,applying,O
311,makeup,B-TRIGGER
312,I,O
312,noticed,O
312,a,O
312,mild,B-SEVERITY
312,rash,B-SYMPTOM
312,around,O
312,my,O
312,neck,B-BODY_PART
312,after,O
312,wearing,O
312,a,O
312,new,O
312,perfume,B-TRIGGER
313,The,O
313,skin,B-SKIN_TYPE
313,on,O
313,my,O
313,hands,B-BODY_PART
313,is,O
313,dry,B-SKIN_TYPE
313,during,O
313,winter,B-SEASON
314,I,O
314,have,O
314,oily,B-SKIN_TYPE
314,skin,I-SKIN_TYPE
314,and,O
314,get,O
314,frequent,O
314,breakouts,B-SYMPTOM
314,on,O
314,my,O
314,face,B-BODY_PART
315,I,O
315,get,O
315,mild,B-SEVERITY
315,itching,B-SYMPTOM
315,on,O
315,my,O
315,scalp,B-BODY_PART
315,during,O
315,change,O
315,of,O
315,seasons,B-SEASON
316,My,O
316,forehead,B-BODY_PART
316,feels,O
316,oily,B-SKIN_TYPE
316,and,O
316,my,O
316,nose,B-BODY_PART
316,has,O
316,blackheads,B-SYMPTOM
317,I,O
317,get,O
317,dry,B-SKIN_TYPE
317,skin,I-SKIN_TYPE
317,during,O
317,the,O
317,winter,B-SEASON
317,especially,O
317,on,O
317,my,O
317,cheeks,B-BODY_PART
318,My,O
318,jawline,B-BODY_PART
318,breaks,O
318,out,O
318,with,O
318,mild,B-SEVERITY
318,acne,B-SYMPTOM
319,I,O
319,experience,O
319,redness,B-SYMPTOM
319,and,O
319,dryness,B-SYMPTOM
319,on,O
319,my,O
319,neck,B-BODY_PART
319,after,O
319,wearing,O
319,a,O
319,scarf,B-TRIGGER
320,The,O
320,skin,B-SKIN_TYPE
320,on,O
320,my,O
320,face,B-BODY_PART
320,is,O
320,sensitive,B-SENSITIVITY
320,to,O
320,fragrances,B-SENSITIVITY
321,I,O
321,get,O
321,blackheads,B-SYMPTOM
321,on,O
321,my,O
321,nose,B-BODY_PART
321,during,O
321,summers,B-SEASON
322,My,O
322,skin,B-SKIN_TYPE
322,gets,O
322,dry,B-SKIN_TYPE
322,and,O
322,flaky,B-SYMPTOM
322,during,O
322,winter,B-SEASON
323,I,O
323,get,O
323,mild,B-SEVERITY
323,rashes,B-SYMPTOM
323,after,O
323,using,O
323,new,O
323,cosmetics,B-TRIGGER
324,My,O
324,face,B-BODY_PART
324,is,O
324,very,O
324,oily,B-SKIN_TYPE
325,I,O
325,have,O
325,redness,B-SYMPTOM
325,on,O
325,my,O
325,cheeks,B-BODY_PART
325,that,O
325,comes,O
325,and,O
325,goes,O
326,My,O
326,scalp,B-BODY_PART
326,gets,O
326,itchy,B-SYMPTOM
326,during,O
326,winter,B-SEASON
327,I,O
327,get,O
327,dry,B-SKIN_TYPE
327,skin,I-SKIN_TYPE
327,on,O
327,my,O
327,lips,B-BODY_PART
327,especially,O
327,during,O
327,cold,B-SEASON
328,I,O
328,have,O
328,oily,B-SKIN_TYPE
328,skin,I-SKIN_TYPE
328,and,O
328,mild,B-SEVERITY
328,acne,B-SYMPTOM
328,on,O
328,my,O
328,jawline,B-BODY_PART
329,I,O
329,get,O
329,red,B-SYMPTOM
329,and,O
329,itchiness,B-SYMPTOM
329,after,O
329,using,O
329,a,O
329,new,O
329,sunscreen,B-SENSITIVITY
330,My,O
330,skin,B-SKIN_TYPE
330,is,O
330,sensitive,B-SENSITIVITY
330,especially,O
330,to,O
330,sun,B-TRIGGER
330,exposure,O
331,I,O
331,have,O
331,mild,B-SEVERITY
331,dryness,B-SYMPTOM
331,on,O
331,my,O
331,cheeks,B-BODY_PART
332,I,O
332,get,O
332,breakouts,B-SYMPTOM
332,on,O
332,my,O
332,back,B-BODY_PART
332,when,O
332,I,O
332,am,O
332,stressed,B-TRIGGER
333,I,O
333,get,O
333,bumps,B-SYMPTOM
333,on,O
333,my,O
333,arms,B-BODY_PART
333,during,O
333,cold,B-SEASON
334,I,O
334,have,O
334,oily,B-SKIN_TYPE
334,skin,I-SKIN_TYPE
334,that,O
334,gets,O
334,blackheads,B-SYMPTOM
334,on,O
334,my,O
334,nose,B-BODY_PART
335,I,O
335,get,O
335,mild,B-SEVERITY
335,redness,B-SYMPTOM
335,after,O
335,using,O
335,a,O
335,new,O
335,cleanser,B-TRIGGER
336,My,O
336,skin,B-SKIN_TYPE
336,is,O
336,dry,B-SKIN_TYPE
336,and,O
336,flaky,B-SYMPTOM
336,during,O
336,winter,B-SEASON
337,I,O
337,get,O
337,itching,B-SYMPTOM
337,and,O
337,redness,B-SYMPTOM
337,on,O
337,my,O
337,face,B-BODY_PART
337,after,O
337,using,O
337,new,O
337,sunscreen,B-SENSITIVITY
338,My,O
338,skin,B-SKIN_TYPE
338,tends,O
338,to,O
338,be,O
338,sensitive,B-SENSITIVITY
338,to,O
338,fragrances,B-SENSITIVITY
339,I,O
339,noticed,O
339,mild,B-SEVERITY
339,burning,B-SYMPTOM
339,after,O
339,sun,B-TRIGGER
339,exposure,O
340,I,O
340,get,O
340,dry,B-SKIN_TYPE
340,skin,I-SKIN_TYPE
340,during,O
340,the,O
340,winter,B-SEASON
341,My,O
341,skin,B-SKIN_TYPE
341,is,O
341,oily,B-SKIN_TYPE
341,and,O
341,breaks,O
341,out,O
341,easily,O
342,I,O
342,get,O
342,dry,B-SKIN_TYPE
342,patches,B-SYMPTOM
342,on,O
342,my,O
342,hands,B-BODY_PART
343,My,O
343,face,B-BODY_PART
343,feels,O
343,itchy,B-SYMPTOM
343,after,O
343,applying,O
343,new,O
343,moisturizer,B-TRIGGER
344,I,O
344,have,O
344,dry,B-SKIN_TYPE
344,skin,I-SKIN_TYPE
344,especially,O
344,on,O
344,my,O
344,hands,B-BODY_PART
344,during,O
344,winter,B-SEASON
345,My,O
345,face,B-BODY_PART
345,gets,O
345,oily,B-SKIN_TYPE
345,and,O
345,frequent,O
345,breakouts,B-SYMPTOM
345,especially,O
345,in,O
345,summer,B-SEASON
346,I,O
346,get,O
346,redness,B-SYMPTOM
346,and,O
346,itching,B-SYMPTOM
346,on,O
346,my,O
346,neck,B-BODY_PART
346,after,O
346,wearing,O
346,a,O
346,new,O
346,perfume,B-TRIGGER
347,My,O
347,scalp,B-BODY_PART
347,gets,O
347,itchy,B-SYMPTOM
347,during,O
347,cold,B-SEASON
348,I,O
348,noticed,O
348,dry,B-SKIN_TYPE
348,patches,B-SYMPTOM
348,on,O
348,my,O
348,face,B-BODY_PART
348,during,O
348,winter,B-SEASON
349,I,O
349,get,O
349,oily,B-SKIN_TYPE
349,skin,I-SKIN_TYPE
349,and,O
349,mild,B-SEVERITY
349,acne,B-SYMPTOM
349,on,O
349,my,O
349,chin,B-BODY_PART
350,The,O
350,redness,B-SYMPTOM
350,on,O
350,my,O
350,cheeks,B-BODY_PART
350,worsens,O
350,with,O
350,cold,B-TRIGGER
350,weather,O
351,I,O
351,get,O
351,bumps,B-SYMPTOM
351,and,O
351,redness,B-SYMPTOM
351,after,O
351,using,O
351,new,O
351,fragrance,B-SENSITIVITY
352,I,O
352,have,O
352,mild,B-SEVERITY
352,dryness,B-SYMPTOM
352,especially,O
352,on,O
352,my,O
352,lips,B-BODY_PART
353,My,O
353,skin,B-SKIN_TYPE
353,is,O
353,sensitive,B-SENSITIVITY
353,to,O
353,sunscreens,B-SENSITIVITY
354,I,O
354,get,O
354,mild,B-SEVERITY
354,redness,B-SYMPTOM
354,on,O
354,my,O
354,face,B-BODY_PART
355,I,O
355,have,O
355,oily,B-SKIN_TYPE
355,skin,I-SKIN_TYPE
355,prone,O
355,to,O
355,blackheads,B-SYMPTOM
355,on,O
355,my,O
355,nose,B-BODY_PART
356,I,O
356,get,O
356,mild,B-SEVERITY
356,itching,B-SYMPTOM
356,on,O
356,my,O
356,scalp,B-BODY_PART
356,during,O
356,change,O
356,of,O
356,seasons,B-SEASON
357,My,O
357,neck,B-BODY_PART
357,developed,O
357,a,O
357,rash,B-SYMPTOM
357,after,O
357,using,O
357,new,O
357,cosmetics,B-TRIGGER
358,I,O
358,get,O
358,red,B-SYMPTOM
358,and,O
358,dryness,B-SYMPTOM
358,on,O
358,my,O
358,hands,B-BODY_PART
358,especially,O
358,during,O
358,winter,B-SEASON
359,My,O
359,forehead,B-BODY_PART
359,feels,O
359,oily,B-SKIN_TYPE
359,during,O
359,summers,B-SEASON
360,I,O
360,get,O
360,blackheads,B-SYMPTOM
360,around,O
360,my,O
360,nose,B-BODY_PART
361,I,O
361,have,O
361,a,O
361,mild,B-SEVERITY
361,rash,B-SYMPTOM
361,on,O
361,my,O
361,arms,B-BODY_PART
361,from,O
361,allergy,B-SENSITIVITY
361,to,O
361,fragrance,B-SENSITIVITY
362,I,O
362,noticed,O
362,breaking,B-SYMPTOM
362,out,O
362,on,O
362,my,O
362,back,B-BODY_PART
362,during,O
362,stress,B-TRIGGER
363,I,O
363,get,O
363,redness,B-SYMPTOM
363,around,O
363,my,O
363,eyes,B-BODY_PART
363,after,O
363,using,O
363,new,O
363,makeup,B-TRIGGER
364,My,O
364,skin,B-SKIN_TYPE
364,feels,O
364,itchy,B-SYMPTOM
364,and,O
364,dry,B-SKIN_TYPE
364,during,O
364,winter,B-SEASON
365,I,O
365,have,O
365,mild,B-SEVERITY
365,eczema,B-SYMPTOM
365,on,O
365,my,O
365,legs,B-BODY_PART
366,My,O
366,cheeks,B-BODY_PART
366,get,O
366,red,O
366,during,O
366,sunny,B-SEASON
366,weather,I-SEASON
367,I,O
367,get,O
367,acne,B-SYMPTOM
367,on,O
367,my,O
367,chin,B-BODY_PART
367,after,O
367,eating,O
367,spicy,O
367,food,B-TRIGGER
368,I,O
368,have,O
368,oily,B-SKIN_TYPE
368,skin,I-SKIN_TYPE
368,that,O
368,breaks,O
368,out,O
368,easily,O
369,I,O
369,get,O
369,mild,B-SEVERITY
369,redness,B-SYMPTOM
369,on,O
369,my,O
369,nose,B-BODY_PART
370,I,O
370,get,O
370,itchiness,B-SYMPTOM
370,on,O
370,my,O
370,scalp,B-BODY_PART
370,during,O
370,winter,B-SEASON
371,The,O
371,skin,B-SKIN_TYPE
371,on,O
371,my,O
371,arms,B-BODY_PART
371,feels,O
371,dry,B-SKIN_TYPE
372,I,O
372,have,O
372,sensitive,B-SENSITIVITY
372,skin,B-SKIN_TYPE
372,I,O
372,would,O
372,like,O
372,to,O
372,know,O
372,how,O
372,to,O
372,reduce,O
372,oily,B-SKIN_TYPE
372,skin,I-SKIN_TYPE
373,I,O
373,get,O
373,burning,B-SYMPTOM
373,sensation,O
373,when,O
373,I,O
373,use,O
373,fragrance,B-SENSITIVITY
373,products,O
374,I,O
374,have,O
374,redness,B-SYMPTOM
374,on,O
374,my,O
374,cheeks,B-BODY_PART
375,I,O
375,get,O
375,dry,B-SKIN_TYPE
375,skin,I-SKIN_TYPE
375,during,O
375,cold,B-SEASON
376,I,O
376,experience,O
376,burning,B-SYMPTOM
376,after,O
376,sun,B-TRIGGER
376,exposure,O
377,I,O
377,have,O
377,mild,B-SEVERITY
377,itching,B-SYMPTOM
377,on,O
377,my,O
377,face,B-BODY_PART
378,I,O
378,get,O
378,oily,B-SKIN_TYPE
378,skin,I-SKIN_TYPE
378,especially,O
378,on,O
378,my,O
378,forehead,B-BODY_PART
379,My,O
379,nose,B-BODY_PART
379,has,O
379,blackheads,B-SYMPTOM
380,I,O
380,have,O
380,sensitive,B-SENSITIVITY
380,skin,B-SKIN_TYPE
380,that,O
380,reacts,O
380,to,O
380,new,O
380,sunscreen,B-SENSITIVITY
381,My,O
381,skin,B-SKIN_TYPE
381,tends,O
381,to,O
381,be,O
381,dry,B-SKIN_TYPE
382,I,O
382,get,O
382,breakouts,B-SYMPTOM
382,on,O
382,my,O
382,back,B-BODY_PART
382,when,O
382,I,O
382,am,O
382,stressed,B-TRIGGER
383,I,O
383,have,O
383,mild,B-SEVERITY
383,rashes,B-SYMPTOM
383,on,O
383,my,O
383,arms,B-BODY_PART
384,I,O
384,get,O
384,blackheads,B-SYMPTOM
384,on,O
384,my,O
384,nose,B-BODY_PART
385,I,O
385,experience,O
385,redness,B-SYMPTOM
385,after,O
385,using,O
385,a,O
385,new,O
385,cleanser,B-TRIGGER
386,My,O
386,face,B-BODY_PART
386,feels,O
386,dry,B-SKIN_TYPE
387,I,O
387,get,O
387,itching,B-SYMPTOM
387,and,O
387,redness,B-SYMPTOM
387,on,O
387,my,O
387,face,B-BODY_PART
387,after,O
387,using,O
387,new,O
387,sunscreen,B-SENSITIVITY
388,My,O
388,skin,B-SKIN_TYPE
388,tends,O
388,to,O
388,be,O
388,sensitive,B-SENSITIVITY
388,to,O
388,fragrances,B-SENSITIVITY
389,I,O
389,noticed,O
389,mild,B-SEVERITY
389,burning,B-SYMPTOM
389,after,O
389,sun,B-TRIGGER
389,exposure,O
390,I,O
390,get,O
390,dry,B-SKIN_TYPE
390,skin,I-SKIN_TYPE
390,during,O
390,the,O
390,winter,B-SEASON
391,My,O
391,skin,B-SKIN_TYPE
391,is,O
391,oily,B-SKIN_TYPE
391,I,O
391,have,O
391,acne,B-SYMPTOM
391,on,O
391,my,O
391,face,B-BODY_PART
392,I,O
392,get,O
392,mild,B-SEVERITY
392,redness,B-SYMPTOM
392,on,O
392,my,O
392,cheeks,B-BODY_PART
393,I,O
393,have,O
393,sensitive,B-SENSITIVITY
393,skin,B-SKIN_TYPE
393,I,O
393,get,O
393,dryness,B-SYMPTOM
393,on,O
393,my,O
393,legs,B-BODY_PART
394,My,O
394,skin,B-SKIN_TYPE
394,feels,O
394,oily,B-SKIN_TYPE
394,I,O
394,get,O
394,mild,B-SEVERITY
394,rash,B-SYMPTOM
394,on,O
394,my,O
394,face,B-BODY_PART
395,I,O
395,have,O
395,itchy,B-SYMPTOM
395,skin,B-SKIN_TYPE
396,I,O
396,get,O
396,dry,B-SKIN_TYPE
396,skin,I-SKIN_TYPE
396,on,O
396,my,O
396,nose,B-BODY_PART
397,I,O
397,have,O
397,blackheads,B-SYMPTOM
397,on,O
397,my,O
397,nose,B-BODY_PART
398,I,O
398,get,O
398,redness,B-SYMPTOM
398,on,O
398,my,O
398,cheeks,B-BODY_PART
399,I,O
399,have,O
399,mild,B-SEVERITY
399,eczema,B-SYMPTOM
399,on,O
399,my,O
399,hands,B-BODY_PART
400,My,O
400,nose,B-BODY_PART
400,deveolped,O
400,blackheads,B-SYMPTOM
401,I,O
401,get,O
401,dry,B-SKIN_TYPE
401,skin,I-SKIN_TYPE
401,on,O
401,my,O
401,legs,B-BODY_PART
402,The,O
402,skin,B-SKIN_TYPE
402,on,O
402,my,O
402,feet,B-BODY_PART
402,feels,O
402,dry,B-SKIN_TYPE

